Sample,Species,Individuals
1,Rhynchospora colorata,4
1,Centella asiatica,30
1,Crinum americanum,1
1,Mikania scandens,1
1,Panicum repens,11
1,Unknown grass,14
1,Phyla nodiflora,3
1,Ludwigia peruviana,1
1,Pluchea baccharis,1
2,Ludwigia octovalvis,12
2,Rhynchospora colorata,4
2,Phyla nodiflora,10
2,Pontederia cordata,2
2,Panicum repens,10
2,Mikania scandens,3
3,Mikania scandens,4
3,Rhynchospora colorata,4
3,Pontederia cordata,1
3,Centella asiatica,14
3,Ipomoea sagittata,2
3,Panicum repens,4
4,Unknown grass,20
4,Ipomoea sagittata,3
4,Centella asiatica,9
5,Utricularia foliosa,2
5,Pontederia cordata,11
5,Eleocharis geniculata,10
5,Ipomoea sagittata,12
5,Centella asiatica,7
6,Bacopa caroliniana,93
6,Sagittaria lancifolia,6
6,Centella asiatica,26
6,Panicum repens,8
6,Rhynchospora colorata,5
7,Sagittaria lancifolia,22
7,Bellis perennis,1
7,Centella asiatica,63
7,Ipomoea sagittata,10
7,Unknown grass,132
7,Ludwigia octovalvis,1
8,Rhynchospora colorata,3
8,Phyla nodiflora,1
8,Eleocharis cellulosa,35
8,Panicum repens,17
9,Rhynchospora colorata,3
9,Phyla nodiflora,5
9,Ipomoea sagittata,12
9,Panicum repens,5
9,Taxodium distichum,1
10,Panicum repens,8
10,Nymphaea ampla,1
10,Ludwigia repens,1
11,Rhynchospora colorata,7
11,Centella asiatica,55
11,Unknown grass,170
11,Mikania scandens,10
11,Ludwigia peruviana,5
12,Centella asiatica,200
12,Helenium flexuosum,1
12,Mikania scandens,20
12,Pontederia cordata,28
12,Ludwigia octovalvis,13
12,Hyptis alata,1
13,Ludwigia octovalvis,10
13,Pontederia cordata,8
13,Mikania scandens,15
13,Utricularia foliosa,1
13,Centella asiatica,50
13,Iva microcephala,5
13,Helenium flexuosum,1
14,Pontederia cordata,14
14,Mikania scandens,15
14,Phyla nodiflora,1
14,Hyptis alata,1
15,Pontederia cordata,10
15,Eleocharis cellulosa,8
15,Centella asiatica,30
16,Mikania scandens,50
16,Centella asiatica,140
16,Sagittaria lancifolia,2
16,Ipomoea sagittata,20
16,Bacopa caroliniana,100
16,Utricularia foliosa,1
17,Rhynchospora colorata,10
17,Centella asiatica,200
17,Eleocharis cellulosa,25
17,Pontederia cordata,20
17,Phyla nodiflora,2
17,Unknown grass,80
17,Mikania scandens,75
18,Phyla nodiflora,30
18,Centella asiatica,90
18,Eleocharis cellulosa,20
18,Rhynchospora colorata,1
18,Hyptis alata,2
18,Fimbristylis cymosa,3
19,Rhynchospora colorata,4
19,Phyla nodiflora,5
19,Fimbristylis cymosa,1
19,Centella asiatica,25
19,Muhlenbergia capillaris,5
19,Panicum repens,35
20,Phyla nodiflora,20
20,Rhynchospora colorata,3
20,Centella asiatica,20
20,Acrostichum daenifolium,80
20,Ludwigia repens,200
20,Fuirena breviseta,1
20,Bellis perennis,5
21,Rhynchospora colorata,8
21,Sagittaria lancifolia,4
21,Centella asiatica,46
21,Ludwigia octovalvis,7
21,Panicum repens,9
21,Unknown grass,12
21,Ludwigia peruviana,3
22,Muhlenbergia capillaris,11
22,Ludwigia peruviana,27
22,Centella asiatica,10
22,Helenium flexuosum,5
22,Sagittaria lancifolia,14
23,Sagittaria lancifolia,7
23,Centella asiatica,53
23,Helenium flexuosum,5
24,Iva microcephala,2
24,Sagittaria lancifolia,4
24,Unknown grass,21
24,Phyla nodiflora,8
24,Panicum repens,6
24,Mikania scandens,8
24,Ipomoea sagittata,3
25,Rhynchospora colorata,12
25,Mikania scandens,17
25,Ipomoea sagittata,2
25,Eleocharis interstincta,8
25,Sagittaria lancifolia,23
25,Helenium flexuosum,7
25,Ludwigia octovalvis,1
26,Ludwigia octovalvis,4
26,Helenium flexuosum,23
26,Centella asiatica,36
26,Phyla nodiflora,32
26,Rhynchospora colorata,2
26,Bacopa caroliniana,120
27,Phyla nodiflora,12
27,Rhynchospora colorata,8
27,Sagittaria lancifolia,37
27,Bacopa caroliniana,34
27,Centella asiatica,92
27,Eleocharis geniculata,12
27,Eleocharis interstincta,3
27,Unknown grass,14
28,Phyla nodiflora,21
28,Unknown grass,32
28,Eleocharis geniculata,7
29,Rhynchospora colorata,13
29,Phyla nodiflora,5
29,Unknown grass,104
29,Bacopa caroliniana,117
29,Centella asiatica,22
30,Rhynchospora colorata,14
30,Bacopa caroliniana,82
30,Unknown grass,60
31,Centella asiatica,10
31,Mikania scandens,5
31,Unknown grass,170
31,Phyla nodiflora,8
32,Ludwigia octovalvis,19
32,Pontederia cordata,1
32,Centella asiatica,38
32,Phyla nodiflora,5
33,Helenium flexuosum,1
33,Centella asiatica,35
33,Pontederia cordata,4
33,Unknown grass,150
33,Ludwigia octovalvis,3
34,Unknown grass,123
34,Centella asiatica,18
34,Rhynchospora colorata,3
34,Phyla nodiflora,4
34,Ludwigia octovalvis,4
34,Hyptis alata,7
34,Eleocharis cellulosa,1
35,Sagittaria lancifolia,5
35,Eleocharis cellulosa,12
35,Pontederia cordata,7
35,Rhynchospora colorata,2
35,Hyptis alata,4
35,Unknown grass,70
35,Ludwigia octovalvis,6
35,Centella asiatica,16
36,Hyptis alata,21
36,Sagittaria lancifolia,15
36,Centella asiatica,6
36,Eleocharis cellulosa,4
36,Unknown grass,31
36,Utricularia foliosa,7
36,Bacopa caroliniana,8
37,Sagittaria lancifolia,25
37,Centella asiatica,46
37,Eleocharis cellulosa,10
37,Panicum repens,70
37,Eleocharis interstincta,1
37,Unknown grass,20
37,Utricularia foliosa,12
38,Nymphoides aquatica,2
38,Eleocharis interstincta,4
38,Eleocharis cellulosa,23
38,Hyptis alata,4
38,Unknown grass,25
39,Acrostichum daenifolium,18
39,Taxodium distichum,1
39,Ludwigia octovalvis,8
39,Unknown grass,58
39,Centella asiatica,26
40,Centella asiatica,42
40,Hyptis alata,4
40,Acrostichum daenifolium,1
40,Eleocharis interstincta,4
40,Unknown grass,48
