Competition,Beans
Intraspecific,4.5
Intraspecific,8
Intraspecific,5.5
Intraspecific,5.5
Intraspecific,4
Intraspecific,4.5
Intraspecific,5
Intraspecific,7.5
Intraspecific,5.5
Intraspecific,5
Intraspecific,5.5
Intraspecific,7.5
Intraspecific,3.5
Intraspecific,4
Intraspecific,6
Intraspecific,7.5
Intraspecific,5
Intraspecific,6
Intraspecific,5
Intraspecific,7.5
Interspecific,5
Interspecific,3
Interspecific,5
Interspecific,9
Interspecific,8
Interspecific,9
Interspecific,5
Interspecific,5
Interspecific,6
Interspecific,4
Interspecific,4
Interspecific,6
Interspecific,6
Interspecific,8
Interspecific,6
Interspecific,7
Interspecific,7
Interspecific,7
Interspecific,5
Interspecific,6
